{"_step":3,"epoch":0,"step_loss":2.6854493618011475,"_timestamp":1.739609997297163e+09,"_runtime":367.4552398,"_wandb":{"runtime":1582}}